,41 MIN
Dark Ship,41 MIN
Time And Tide Wait For No Man,41 MIN
Shifting Stack,41 MIN
Hell Or High Water,41 MIN
Dead Or Alive,41 MIN
Legend Of Sean Dwyer,41 MIN
Winter Is Here,84 MIN
Battle Of Kings,84 MIN
Strategy & Deception,41 MIN
Sixty Foot Monster,41 MIN
Tough Inheritance,41 MIN
Now Or Never,41 MIN
Russian Roulette,41 MIN
The Most Dangerous Job In Television: Making Deadliest Catch,4 MIN
Crane Wreck,41 MIN
Hell Hath No Fury,41 MIN
Devil's Cut,41 MIN
Blood In The Water,84 MIN
Curse Of The Russian Line,41 MIN
Unbreakable,41 MIN
Unfinished Business,84 MIN
The Mystery Of F/V Destination,41 MIN
Tortured To Greatness,41 MIN
Single Point Of Failure,41 MIN
Super Swarm,83 MIN
Unholy Alliance,41 MIN
